id,name,last name,age,gender
0,Mason,Johnson,37,Male
1,Abigal,Williams,44,Female
2,Sophia,Brown,44,Female
3,Emma,Miller,39,Female
4,Mason,Williams,31,Male
5,Mason,Smith,34,Male
6,Mason,Jones,37,Male
7,Laim,Brown,23,Male
8,Abigal,Johnson,39,Female
9,Daniel,Williams,21,Male
10,Sophia,Wilson,20,Female
11,Ethan,Williams,24,Male
12,Noah,Miller,29,Male
13,Isabella,Williams,26,Female
14,Emma,Brown,23,Female
15,Noah,Miller,40,Male
16,Emma,Williams,34,Female
17,Jacob,Johnson,45,Male
18,Emma,Johnson,38,Female
19,Laim,Taylor,39,Male
